Var_X,Var_Y
-0.33532,6.66854
0.02160,3.86398
-1.19438,5.16161
-0.65046,8.43823
-0.28001,5.57201
1.93258,-11.13270
1.22620,-5.31226
0.74727,-4.63725
3.32853,3.80650
2.87457,-6.06084
-1.48662,7.22328
0.37629,2.38887
1.43918,-7.13415
0.24183,2.00412
-2.79140,4.29794
1.08176,-5.86553
2.81555,-5.20711
0.54924,-3.52863
2.36449,-10.16202
-1.01925,5.31123